{"cameraMode":{"drawMode":0,"name":"Shaded","section":"Shading Mode"},"sceneLighting":true,"audioPlay":false,"sceneViewState":{"m_AlwaysRefresh":false,"showFog":true,"showSkybox":false,"showFlares":true,"showImageEffects":true,"showParticleSystems":true,"showVisualEffectGraphs":true,"m_FxEnabled":true},"in2DMode":false,"pivot":{"x":0.1510906219482422,"y":18.75115203857422,"z":-2.0466113090515138},"rotation":{"x":-0.002361399820074439,"y":0.9399191737174988,"z":-0.34129950404167178,"w":-0.007870255969464779},"size":49.77949142456055,"orthographic":false}