{"cameraMode":{"drawMode":0,"name":"Shaded","section":"Shading Mode"},"sceneLighting":false,"audioPlay":false,"sceneViewState":{"m_AlwaysRefresh":false,"showFog":true,"showSkybox":false,"showFlares":true,"showImageEffects":true,"showParticleSystems":true,"showVisualEffectGraphs":true,"m_FxEnabled":true},"in2DMode":false,"pivot":{"x":-8.276091575622559,"y":3.8658647537231447,"z":-8.272855758666993},"rotation":{"x":0.19552263617515565,"y":-0.012163043953478337,"z":0.0029313452541828157,"w":0.9806482791900635},"size":15.811445236206055,"orthographic":false}